meta_genre,genre,sub_genre,micro_genre,value
Rock,Alternative,Punk,Art Punk,
Rock,Alternative,Punk,Britpunk,
Rock,Alternative,Punk,Crust Punk,
Rock,Alternative,Punk,Hardcore Punk,
Rock,Alternative,Punk,Folk Punk,
Rock,Alternative,Crossover Thrash,,
Rock,Alternative,Alternative Rock,,
Rock,Alternative,Emotional Hardcore,,
Rock,Alternative,Experimental Rock,,
Rock,Alternative,College Rock,,
Rock,Alternative,Goth / Gothic Rock,,
Rock,Alternative,Grunge,,
Rock,Alternative,Hard Rock,,
Rock,Alternative,Indie Rock,,
Rock,Alternative,Lo-fi,,
Rock,Alternative,Musique Concrète,,
Rock,Alternative,New Wave,,
Rock,Alternative,Progressive Rock,,
Rock,Alternative,Punk,,
Rock,Alternative,Steampunk,,
Rock,Alternative,Adult Alternative,,
Rock,Acid Rock,,,
Rock,Adult-Oriented Rock,,,
Rock,Afro Punk,,,
Rock,American Traditional Rock,,,
Rock,Anatolian Rock,,,
Rock,Arena Rock,,,
Rock,Art Rock,,,
Rock,Blues-Rock,,,
Rock,British Invasion,,,
Rock,Cock Rock,,,
Rock,Glam Rock,,,
Rock,Grind Core,,,
Rock,Hard Rock,,,
Rock,Math Rock,,,
Rock,Metal,Gothic Metal,,
Rock,Metal,Math Metal,,
Rock,Metal,Death Metal,,
Rock,Metal,Doom Metal,,
Rock,Metal,Hair Metal,,
Rock,Metal,Heavy Metal,,
Rock,Metal,Speed Metal,,
Rock,Metal,Thrash Metal,,
Rock,Metal,Power Metal,,
Rock,Metal,Black Metal,,
Rock,Metal,Pagan Metal,,
Rock,Metal,Viking Metal,,
Rock,Metal,Folk Metal,,
Rock,Metal,Symphonic Metal,,
Rock,Metal,Glam Metal,,
Rock,Metal,Groove Metal,,
Rock,Metal,Industrial Metal,,
Rock,Metal,Modern Metal,,
Rock,Metal,Neoclassical Metal,,
Rock,Metal,New Wave Of British Heavy Metal,,
Rock,Metal,Post Metal,,
Rock,Metal,Progressive Metal,,
Rock,Metal,Avantgarde Metal,,
Rock,Metal,Sludge,,
Rock,Metal,Djent,,
Rock,Metal,Drone,,
Rock,Metal,Kawaii Metal,,
Rock,Metal,Pirate Metal,,
Rock,Metal,Nu Metal,,
Rock,Metal,Neue Deutsche Härte,,
Rock,Metal,Crossover,,
Rock,Metal,Grindcore,,
Rock,Metal,Hardcore,,
Rock,Metal,Metalcore,,
Rock,Metal,Deathcore,,
Rock,Metal,Post Hardcore,,
Rock,Metal,Mathcore,,
Rock,Metal,Progressive Metal,,
Rock,Metal,Stoner Metal,,
Rock,Post Punk,,,
Rock,Post Rock,,,
Rock,Art Rock,,,
Rock,Progressive Rock,,,
Rock,Psychedelic,,,
Rock,Rock & Roll,,,
Rock,Rockabilly,,,
Rock,Roots Rock,,,
Rock,Singer/Songwriter,,,
Rock,Southern Rock,,,
Rock,Spazzcore,,,
Rock,Jam Bands,,,
Rock,Surf,,,
Rock,Technical Death Metal,,,
Rock,Thrash Metal,,,
Rock,Yacht Rock,,,
Rock,Progressive,,,
Country,Alternative Country,,,
Country,Americana,,,
Country,Australian Country,,,
Country,Bakersfield Sound,,,
Country,Bluegrass,Progressive Bluegrass,,
Country,Bluegrass,Reactionary Bluegrass,,
Country,Blues Country,,,
Country,Cajun Fiddle Tunes,,,
Country,Christian Country,,,
Country,Classic Country,,,
Country,Close Harmony,,,
Country,Contemporary Bluegrass,,,
Country,Contemporary Country,,,
Country,Country Gospel,,,
Country,Country Pop,,,
Country,Country Rap,,,
Country,Country Rock,,,
Country,Country Soul,,,
Country,Cowboy / Western,,,
Country,Cowpunk,,,
Country,Dansband,,,
Country,Honky Tonk,,,
Country,Franco-Country,,,
Country,Gulf and Western,,,
Country,Hellbilly Music,,,
Country,Instrumental Country,,,
Country,Lubbock Sound,,,
Country,Nashville Sound,,,
Country,Neotraditional Country,,,
Country,Outlaw Country,,,
Country,Progressive,,,
Country,Psychobilly / Punkabilly,,,
Country,Red Dirt,,,
Country,Sertanejo,,,
Country,Texas County,,,
Country,Traditional Bluegrass,,,
Country,Traditional Country,,,
Country,Truck-Driving Country,,,
Country,Urban Cowboy,,,
Country,Western Swing,,,
Dance,Club / Club Dance,,,
Dance,Breakcore,,,
Dance,Breakbeat / Breakstep,4-Beat,,
Dance,Breakbeat / Breakstep,Acid Breaks,,
Dance,Breakbeat / Breakstep,Baltimore Club,,
Dance,Breakbeat / Breakstep,Big Beat,,
Dance,Breakbeat / Breakstep,Breakbeat Hardcore,,
Dance,Breakbeat / Breakstep,Broken Beat,,
Dance,Breakbeat / Breakstep,Florida Breaks,,
Dance,Breakbeat / Breakstep,Nu Skool Breaks,,
Dance,Brostep,,,
Dance,Chillstep,,,
Dance,Deep House,,,
Dance,Dubstep,,,
Dance,Electro House,,,
Dance,Electroswing,,,
Dance,Exercise,,,
Dance,Future Garage,,,
Dance,Garage,,,
Dance,Glitch Hop,,,
Dance,Glitch Pop,,,
Dance,Grime,,,
Dance,Hardcore,Bouncy House,,
Dance,Hardcore,Bouncy Techno,,
Dance,Hardcore,Breakcore,,
Dance,Hardcore,Digital Hardcore,,
Dance,Hardcore,Doomcore,,
Dance,Hardcore,Dubstyle,,
Dance,Hardcore,Gabber,,
Dance,Hardcore,Happy Hardcore,,
Dance,Hardcore,Hardstyle,,
Dance,Hardcore,Jumpstyle,,
Dance,Hardcore,Makina,,
Dance,Hardcore,Speedcore,,
Dance,Hardcore,Terrorcore,,
Dance,Hardcore,Uk Hardcore,,
Dance,Hard Dance,,,
Dance,Hi-NRG / Eurodance,,,
Dance,Horrorcore,,,
Dance,House,Acid House,,
Dance,House,Chicago House,,
Dance,House,Deep House,,
Dance,House,Diva House,,
Dance,House,Dutch House,,
Dance,House,Electro House,,
Dance,House,Freestyle House,,
Dance,House,French House,,
Dance,House,Funky House,,
Dance,House,Ghetto House,,
Dance,House,Hardbag,,
Dance,House,Hip House,,
Dance,House,Italo House,,
Dance,House,Latin House,,
Dance,House,Minimal House,,
Dance,House,Progressive House,,
Dance,House,Rave Music,,
Dance,House,Swing House,,
Dance,House,Tech House,,
Dance,House,Tribal House,,
Dance,House,Tropical House,,
Dance,House,UK Hard House,,
Dance,House,US Garage,,
Dance,House,Vocal House,,
Dance,Jackin House,,,
Dance,Jungle / Drum’n’bass,,,
Dance,Liquid Dub,,,
Dance,Regstep,,,
Dance,Speedcore,,,
Dance,Techno,Acid Techno,,
Dance,Techno,Detroit Techno,,
Dance,Techno,Free Tekno,,
Dance,Techno,Ghettotech,,
Dance,Techno,Minimal,,
Dance,Techno,Nortec,,
Dance,Techno,Schranz,,
Dance,Techno,Techno-Dnb,,
Dance,Techno,Technopop,,
Dance,Techno,Tecno Brega,,
Dance,Techno,Toytown Techno,,
Dance,Trance,Acid Trance,,
Dance,Trance,Acid-House,,
Dance,Trance,Classic Trance,,
Dance,Trance,Dark Psy,,
Dance,Trance,Deep House,,
Dance,Trance,Dream Trance,,
Dance,Trance,Goa Trance,Dark Psytrance,
Dance,Trance,Goa Trance,Full on,
Dance,Trance,Goa Trance,Psybreaks,
Dance,Trance,Goa Trance,Psyprog,
Dance,Trance,Goa Trance,Suomisaundi,
Dance,Trance,Hard Trance,,
Dance,Trance,Prog. Trance,,
Dance,Trance,Psy-Trance,,
Dance,Trance,Minimal Techno,,
Dance,Trance,Tech House,,
Dance,Trance,Tech Trance,,
Dance,Trance,Uplifting Trance,Orchestral Uplifting,
Dance,Trance,Vocal Trance,,
Dance,Trap,,,
Electronic,2-Step,,,
Electronic,8-bit,,,
Electronic,Ambient,Ambient Dub,,
Electronic,Ambient,Ambient House,,
Electronic,Ambient,Ambient Techno,,
Electronic,Ambient,Dark Ambient,,
Electronic,Ambient,Drone Music,,
Electronic,Ambient,Illbient,,
Electronic,Ambient,Isolationism,,
Electronic,Ambient,Lowercase,,
Electronic,Asian Underground,,,
Electronic,Bassline,,,
Electronic,Chillwave,,,
Electronic,Chiptune,Bitpop,,
Electronic,Chiptune,Game Boy,,
Electronic,Chiptune,Nintendocore,,
Electronic,Chiptune,Video Game Music,,
Electronic,Chiptune,Yorkshire Bleeps and Bass,,
Electronic,Crunk,,,
Electronic,Downtempo,Acid Jazz,,
Electronic,Downtempo,Balearic Beat,,
Electronic,Downtempo,Chill Out,,
Electronic,Downtempo,Dub Music,,
Electronic,Downtempo,Dubtronica,,
Electronic,Downtempo,Ethnic Electronica,,
Electronic,Downtempo,Moombahton,,
Electronic,Downtempo,Nu Jazz,,
Electronic,Downtempo,Trip Hop,,
Electronic,Drum & Bass,Darkcore,,
Electronic,Drum & Bass,Darkstep,,
Electronic,Drum & Bass,Drumfunk,,
Electronic,Drum & Bass,Drumstep,,
Electronic,Drum & Bass,Hardstep,,
Electronic,Drum & Bass,Intelligent Drum and Bass,,
Electronic,Drum & Bass,Jump-Up,,
Electronic,Drum & Bass,Liquid Funk,,
Electronic,Drum & Bass,Neurofunk,,
Electronic,Drum & Bass,Oldschool Jungle,Darkside Jungle,
Electronic,Drum & Bass,Oldschool Jungle,Ragga Jungle,
Electronic,Drum & Bass,Raggacore,,
Electronic,Drum & Bass,Sambass,,
Electronic,Drum & Bass,Techstep,,
Electronic,Electro,Crunk,,
Electronic,Electro,Electro Backbeat,,
Electronic,Electro,Electro-Grime,,
Electronic,Electro,Electropop,,
Electronic,Electro-swing,,,
Electronic,Electroacoustic,Acousmatic Music,,
Electronic,Electroacoustic,Computer Music,,
Electronic,Electroacoustic,Electroacoustic Improvisation,,
Electronic,Electroacoustic,Field Recording,,
Electronic,Electroacoustic,Live Coding,,
Electronic,Electroacoustic,Live Electronics,,
Electronic,Electroacoustic,Soundscape Composition,,
Electronic,Electroacoustic,Tape Music,,
Electronic,Electronica,Berlin School,,
Electronic,Electronica,Chillwave,,
Electronic,Electronica,Electronic Art Music,,
Electronic,Electronica,Electronic Dance Music,,
Electronic,Electronica,Folktronica,,
Electronic,Electronica,Freestyle Music,,
Electronic,Electronica,Glitch,,
Electronic,Electronica,Idm,,
Electronic,Electronica,Laptronica,,
Electronic,Electronica,Skweee,,
Electronic,Electronica,Sound Art,,
Electronic,Electronica,Synthcore,,
Electronic,Electronic Rock,Alternative Dance,Baggy,
Electronic,Electronic Rock,Alternative Dance,Madchester,
Electronic,Electronic Rock,Dance-Punk,,
Electronic,Electronic Rock,Dance-Rock,,
Electronic,Electronic Rock,Dark Wave,,
Electronic,Electronic Rock,Electroclash,,
Electronic,Electronic Rock,Electronicore,,
Electronic,Electronic Rock,Electropunk,,
Electronic,Electronic Rock,Ethereal Wave,,
Electronic,Electronic Rock,Indietronica,,
Electronic,Electronic Rock,New Rave,,
Electronic,Electronic Rock,Space Rock,,
Electronic,Electronic Rock,Synthpop,,
Electronic,Electronic Rock,Synthpunk,,
Electronic,Eurodance,Bubblegum Dance,,
Electronic,Eurodance,Italo Dance,,
Electronic,Eurodance,Turbofolk,,
Electronic,Hardstyle,,,
Electronic,Hi-Nrg,Eurobeat,,
Electronic,Hi-Nrg,Hard Nrg,,
Electronic,Hi-Nrg,New Beat,,
Electronic,IDM,,,
Electronic,Industrial,,,
Electronic,Trip Hop,,,
Electronic,Vaporwave,Hyponagogic,,
Electronic,Vaporwave,Vektroid,,
Electronic,Vaporwave,Mallsoft,,
Electronic,Vaporwave,Vaportrap,,
Electronic,Vaporwave,Vaporhop,,
Electronic,Vaporwave,Protovapor,,
Electronic,UK Garage,2-Step,,
Electronic,UK Garage,4×4,,
Electronic,UK Garage,Bassline,,
Electronic,UK Garage,Grime,,
Electronic,UK Garage,Speed Garage,,
Folk,American Folk Revival,,,
Folk,Anti-Folk,,,
Folk,British Folk Revival,,,
Folk,Contemporary Folk,,,
Folk,Filk Music,,,
Folk,Freak Folk,,,
Folk,Indie Folk,,,
Folk,Industrial Folk,,,
Folk,Neofolk,,,
Folk,Progressive Folk,,,
Folk,Psychedelic Folk,,,
Folk,Sung Poetry,,,
Folk,Techno-Folk,,,
Folk,German Folk,,,
Hip Hop,Alternative Rap,,,
Hip Hop,Avant-Garde,,,
Hip Hop,Bounce,,,
Hip Hop,Chap Hop,,,
Hip Hop,Christian Hip Hop,,,
Hip Hop,Conscious Hip Hop,,,
Hip Hop,Country-Rap,,,
Hip Hop,Grunk,,,
Hip Hop,Crunkcore,,,
Hip Hop,Cumbia Rap,,,
Hip Hop,Dirty South,,,
Hip Hop,East Coast,Brick City Club,,
Hip Hop,East Coast,Hardcore Hip Hop,,
Hip Hop,East Coast,Mafioso Rap,,
Hip Hop,East Coast,New Jersey Hip Hop,,
Hip Hop,Freestyle Rap,,,
Hip Hop,G-Funk,,,
Hip Hop,Gangsta Rap,,,
Hip Hop,Golden Age,,,
Hip Hop,Grime,,,
Hip Hop,Hardcore Rap,,,
Hip Hop,Hip-Hop,,,
Hip Hop,Hip Pop,,,
Hip Hop,Horrorcore,,,
Hip Hop,Hyphy,,,
Hip Hop,Industrial Hip Hop,,,
Hip Hop,Instrumental Hip Hop,,,
Hip Hop,Jazz Rap,,,
Hip Hop,Latin Rap,,,
Hip Hop,Low Bap,,,
Hip Hop,Lyrical Hip Hop,,,
Hip Hop,Merenrap,,,
Hip Hop,Midwest Hip Hop,Chicago Hip Hop,,
Hip Hop,Midwest Hip Hop,Detroit Hip Hop,,
Hip Hop,Midwest Hip Hop,Horrorcore,,
Hip Hop,Midwest Hip Hop,St. Louis Hip Hop,,
Hip Hop,Midwest Hip Hop,Twin Cities Hip Hop,,
Hip Hop,Motswako,,,
Hip Hop,Nerdcore,,,
Hip Hop,New Jack Swing,,,
Hip Hop,New School Hip Hop,,,
Hip Hop,Old School Rap,,,
Hip Hop,Rap,,,
Hip Hop,Trap,,,
Hip Hop,Turntablism,,,
Hip Hop,Underground Rap,,,
Hip Hop,West Coast Rap,,,
Jazz,Acid Jazz,,,
Jazz,Afro-Cuban Jazz,,,
Jazz,Avant-Garde Jazz,,,
Jazz,Bebop,,,
Jazz,Big Band,,,
Jazz,Blue Note,,,
Jazz,British Dance Band (Jazz),,,
Jazz,Cape Jazz,,,
Jazz,Chamber Jazz,,,
Jazz,Contemporary Jazz,,,
Jazz,Continental Jazz,,,
Jazz,Cool Jazz,,,
Jazz,Crossover Jazz,,,
Jazz,Dark Jazz,,,
Jazz,Dixieland,,,
Jazz,Early Jazz,,,
Jazz,Electro Swing,,,
Jazz,Ethio-jazz,,,
Jazz,Ethno-Jazz,,,
Jazz,European Free Jazz,,,
Jazz,Free Funk,,,
Jazz,Free Jazz,,,
Jazz,Fusion,,,
Jazz,Gypsy Jazz,,,
Jazz,Hard Bop,,,
Jazz,Indo Jazz,,,
Jazz,Jazz Blues,,,
Jazz,Jazz-Funk,,,
Jazz,Jazz-Fusion,,,
Jazz,Jazz Rap,,,
Jazz,Jazz Rock,,,
Jazz,Kansas City Jazz,,,
Jazz,Latin Jazz,,,
Jazz,M-Base Jazz,,,
Jazz,Mainstream Jazz,,,
Jazz,Modal Jazz,,,
Jazz,Neo-Bop,,,
Jazz,Neo-Swing,,,
Jazz,Nu Jazz,,,
Jazz,Orchestral Jazz,,,
Jazz,Post-Bop,,,
Jazz,Punk Jazz,,,
Jazz,Ragtime,,,
Jazz,Ska Jazz,,,
Jazz,Skiffle,,,
Jazz,Smooth Jazz,,,
Jazz,Soul Jazz,,,
Jazz,Swing Jazz,,,
Jazz,Straight-Ahead Jazz,,,
Jazz,Trad Jazz,,,
Jazz,Third Stream,,,
Jazz,West Coast Jazz,,,
Pop,Adult Contemporary,,,
Pop,Arab Pop,,,
Pop,Baroque,,,
Pop,Britpop,,,
Pop,Bubblegum Pop,,,
Pop,Chamber Pop,,,
Pop,Chanson,,,
Pop,Christian Pop,,,
Pop,Classical Crossover,,,
Pop,Europop,Austropop,,
Pop,Europop,Balkan Pop,,
Pop,Europop,French Pop,,
Pop,Europop,Latin Pop,,
Pop,Europop,Laïkó,,
Pop,Europop,Nederpop,,
Pop,Europop,Russian Pop,,
Pop,Dance Pop,,,
Pop,Dream Pop,,,
Pop,Electro Pop,,,
Pop,Iranian Pop,,,
Pop,Jangle Pop,,,
Pop,Latin Ballad,,,
Pop,Levenslied,,,
Pop,Louisiana Swamp Pop,,,
Pop,Mexican Pop,,,
Pop,Motorpop,,,
Pop,New Romanticism,,,
Pop,Orchestral Pop,,,
Pop,Pop Rap,,,
Pop,Popera,,,
Pop,Pop Rock,,,
Pop,Pop Punk,,,
Pop,Power Pop,,,
Pop,Psychedelic Pop,,,
Pop,Schlager,,,
Pop,Soft Rock,,,
Pop,Sophisti-Pop,,,
Pop,Space Age Pop,,,
Pop,Sunshine Pop,,,
Pop,Surf Pop,,,
Pop,Synthpop,,,
Pop,Teen Pop,,,
Pop,Traditional Pop Music,,,
Pop,Turkish Pop,,,
Pop,Vispop,,,
Pop,Wonky Pop,,,
Blues,Acoustic Blues,,,
Blues,African Blues,,,
Blues,Blues Rock,,,
Blues,Blues Shouter,,,
Blues,British Blues,,,
Blues,Canadian Blues,,,
Blues,Chicago Blues,,,
Blues,Classic Blues,,,
Blues,Classic Female Blues,,,
Blues,Contemporary Blues,,,
Blues,Contemporary R&B,,,
Blues,Country Blues,,,
Blues,Dark Blues,,,
Blues,Delta Blues,,,
Blues,Detroit Blues,,,
Blues,Doom Blues,,,
Blues,Electric Blues,,,
Blues,Folk Blues,,,
Blues,Gospel Blues,,,
Blues,Harmonica Blues,,,
Blues,Hill Country Blues,,,
Blues,Hokum Blues,,,
Blues,Jazz Blues,,,
Blues,Jump Blues,,,
Blues,Kansas City Blues,,,
Blues,Louisiana Blues,,,
Blues,Memphis Blues,,,
Blues,Modern Blues,,,
Blues,New Orlean Blues,,,
Blues,NY Blues,,,
Blues,Piano Blues,,,
Blues,Piedmont Blues,,,
Blues,Punk Blues,,,
Blues,Ragtime Blues,,,
Blues,Rhythm Blues,,,
Blues,Soul Blues,,,
Blues,St. Louis Blues,,,
Blues,Swamp Blues,,,
Blues,Texas Blues,,,
Blues,Urban Blues,,,
Blues,Vandeville,,,
Blues,West Coast Blues,,,
Blues,Zydeco,,,
Anime,,,,
Children's Music,Lullabies,,,
Children's Music,Sing-Along,,,
Children's Music,Stories,,,
Classical,Avant-Garde,,,
Classical,Ballet,,,
Classical,Baroque,,,
Classical,Cantata,,,
Classical,Chamber Music,String Quartet,,
Classical,Chant,,,
Classical,Choral,,,
Classical,Classical Crossover,,,
Classical,Concerto,,,
Classical,Concerto Grosso,,,
Classical,Contemporary Classical,,,
Classical,Early Music,,,
Classical,Expressionist,,,
Classical,High Classical,,,
Classical,Impressionist,,,
Classical,Mass Requiem,,,
Classical,Medieval,,,
Classical,Minimalism,,,
Classical,Modern Composition,,,
Classical,Modern Classical,,,
Classical,Opera,,,
Classical,Oratorio,,,
Classical,Orchestral,,,
Classical,Organum,,,
Classical,Renaissance,,,
Classical,Romantic (early period),,,
Classical,Romantic (later period),,,
Classical,Sonata,,,
Classical,Symphonic,,,
Classical,Symphony,,,
Classical,Twelve-tone,,,
Classical,Wedding Music,,,
Holiday,Chanukah,,,
Holiday,Christmas,Children's Christmas,,
Holiday,Christmas,Classic Christmas,,
Holiday,Christmas,Classical Christmas,,
Holiday,Christmas,Comedy Christmas,,
Holiday,Christmas,Christmas Jazz,,
Holiday,Christmas,Modern Christmas,,
Holiday,Christmas,Christmas Pop,,
Holiday,Christmas,Christmas R&B,,
Holiday,Christmas,Religious Christmas,,
Holiday,Christmas,Christmas Rock,,
Holiday,Easter,,,
Holiday,Halloween,,,
Holiday,Holiday: Other,,,
Holiday,Thanksgiving,,,
Pop,Indie Pop,,,
Industrial,Aggrotech,,,
Industrial,Coldwave,,,
Industrial,Cybergrind,,,
Industrial,Dark Electro,,,
Industrial,Death Industrial,,,
Industrial,Electro-Industrial,,,
Industrial,Electronic Body Music,Futurepop,,
Industrial,Industrial Metal,Neue Deutsche Härte,,
Industrial,Industrial Metal,Noise,Japanoise,
Industrial,Industrial Metal,Noise,Power Electronics,
Industrial,Industrial Metal,Noise,Power Noise,
Industrial,Industrial Metal,Witch House,,
Gospel,CCM,,,
Gospel,Christian Metal,,,
Gospel,Christian Pop,,,
Gospel,Christian Rap,,,
Gospel,Christian Rock,,,
Gospel,Classic Christian,,,
Gospel,Contemporary Gospel,,,
Gospel,Gospel,,,
Gospel,Christian & Gospel,,,
Gospel,Praise & Worship,,,
Gospel,Qawwali,,,
Gospel,Southern Gospel,,,
Gospel,Traditional Gospel,,,
Instrumental,March,,,
World,Japan,J-Pop,,
World,Japan,J-Rock,,
World,Japan,J-Synth,,
World,Japan,J-Ska,,
World,Japan,J-Punk,,
World,Japan,Kareoke,,
World,Japan,Kayokyoku,,
World,Korea,K-Pop,,
World,Latin,Alternativo & Rock Latino,,
World,Latin,Argentine Tango,,
World,Latin,Bachata,,
World,Latin,Baithak Gana,,
World,Latin,Baladas y Boleros,,
World,Latin,Bolero,,
World,Latin,Bossa Nova,,
World,Latin,Brazilian,Axé,
World,Latin,Brazilian,Bossa Nova,
World,Latin,Brazilian,Brazilian Rock,
World,Latin,Brazilian,Brega,
World,Latin,Brazilian,Choro,
World,Latin,Brazilian,Forró,
World,Latin,Brazilian,Frevo,
World,Latin,Brazilian,Funk Carioca,
World,Latin,Brazilian,Lambada,
World,Latin,Brazilian,Maracatu,
World,Latin,Brazilian,Música Popular Brasileira,
World,Latin,Brazilian,Música Sertaneja,
World,Latin,Brazilian,Pagode,
World,Latin,Brazilian,Samba,
World,Latin,Brazilian,Samba Rock,
World,Latin,Brazilian,Tecnobrega,
World,Latin,Brazilian,Tropicalia,
World,Latin,Brazilian,Zouk-Lambada,
World,Latin,Chicha,,
World,Latin,Criolla,,
World,Latin,Contemporary Latin,,
World,Latin,Cumbia,,
World,Latin,Flamenco,,
World,Latin,Huayno,,
World,Latin,Joropo,,
World,Latin,Latin Jazz,,
World,Latin,Mambo (Cuba),,
World,Latin,Mariachi,,
World,Latin,Merengue Típico,,
World,Latin,Nuevo Flamenco,,
World,Latin,Pop Latino,,
World,Latin,Portuguese Fado,,
World,Latin,Punta,,
World,Latin,Punta Rock,,
World,Latin,Ranchera,,
World,Latin,Raíces,,
World,Latin,Raison,,
World,Latin,Reggaeton y Hip-Hop,,
World,Latin,Regional Mexicano,,
World,Latin,Salsa y Tropical,,
World,Latin,Soca,,
World,Latin,Son,,
World,Latin,Tejano,,
World,Latin,Timba,,
World,Latin,Twoubadou,,
World,Latin,Vallenato,,
World,Latin,Zouk,,
New Age,Environmental,,,
New Age,Healing,,,
New Age,Meditation,,,
New Age,Nature,,,
New Age,Relaxation,,,
New Age,Travel,,,
Opera,,,,
Post-Disco,Boogie,,,
Post-Disco,Dance-pop,,,
Electronic,House,Disco House,,
Electronic,House,Dream House,,
Electronic,House,Space House,,
Electronic,House,Japanese House,,
Electronic,House,Bounce / Scouse House,,
Progressive,Progressive House,Disco House,,
Progressive,Progressive House,Dream House,,
Progressive,Progressive House,Space House,,
Progressive,Progressive House,Japanese House,,
Progressive,Progressive House,Bounce / Scouse House,,
Progressive,Progressive Breaks,,,
Progressive,Progressive Drum & Bass,,,
Progressive,Progressive Techno,,,
R&B,Beach Music,,,
R&B,Contemporary R&B,,,
R&B,Disco,,,
R&B,Doo Wop,,,
R&B,Funk,,,
R&B,Modern Soul,,,
R&B,Motown,,,
R&B,Neo-Soul,,,
R&B,Northern Soul,,,
R&B,Psychedelic Soul,,,
R&B,Quiet Storm,,,
R&B,Soul,,,
R&B,Soul Blues,,,
R&B,Southern Soul,,,
Reggae,2-Tone,,,
Reggae,Dub,,,
Reggae,Roots Reggae,,,
Reggae,Reggae Fusion,,,
Reggae,Reggae en Español,Spanish Reggae,,
Reggae,Reggae en Español,Reggae 110,,
Reggae,Reggae en Español,Reggae Bultrón,,
Reggae,Reggae en Español,Romantic Flow,,
Reggae,Lovers Rock,,,
Reggae,Raggamuffin,Ragga,,
Reggae,Raggamuffin,Dancehall,,
Reggae,Ska,2 Tone,,
Reggae,Ska,Dub,,
Reggae,Ska,Rocksteady,,
Reggae,Reggae Dancehall,,,
Rock,Tejano,Chicano,,
Rock,Tejano,Classic,,
Rock,Tejano,Conjunto,,
Rock,Tejano,Conjunto Progressive,,
Rock,Tejano,New Mex,,
Rock,Tejano,Tex-Mex,,
Vocal,A cappella,,,
Vocal,Barbershop,,,
Vocal,Cantique,,,
Vocal,Doo-wop,,,
Vocal,Gregorian Chant,,,
Vocal,Standards,,,
Vocal,Traditional Pop,,,
Vocal,Vocal Jazz,,,
Vocal,Vocal Pop,,,
Vocal,Yodel,,,
World,Africa,African Heavy Metal,,
World,Africa,African Hip Hop,,
World,Africa,Afro-Beat,,
World,Africa,Afro-House,,
World,Africa,Afro-Pop,,
World,Africa,Apala,,
World,Africa,Benga,,
World,Africa,Bikutsi,,
World,Africa,Bongo Flava,,
World,Africa,Cape Jazz,,
World,Africa,Chimurenga,,
World,Africa,Coupé-Décalé,,
World,Africa,Fuji Music,,
World,Africa,Genge,,
World,Africa,Gnawa,,
World,Africa,Highlife,,
World,Africa,Hiplife,,
World,Africa,Isicathamiya,,
World,Africa,Jit,,
World,Africa,Jùjú,,
World,Africa,Kapuka,,
World,Africa,Kizomba,,
World,Africa,Kuduro,,
World,Africa,Kwaito,,
World,Africa,Kwela,,
World,Africa,Lingala,,
World,Africa,Makossa,,
World,Africa,Maloya,,
World,Africa,Marrabenta,,
World,Africa,Mbalax,,
World,Africa,Mbaqanga,,
World,Africa,Mbube,,
World,Africa,Morna,,
World,Africa,Museve,,
World,Africa,Negro Spiritual,,
World,Africa,Palm-Wine,,
World,Africa,Raï,,
World,Africa,Sakara,,
World,Africa,Sega,,
World,Africa,Seggae,,
World,Africa,Semba,,
World,Africa,Soukous,,
World,Africa,Taarab,,
World,Africa,Zouglou,,
World,Asia,Japanese Pop,,
World,Asia,K-Pop,,
World,Asia,Khaliji,,
World,Asia,Kayōkyoku,,
World,Asia,Korean Pop,,
World,Asia,Liwa,,
World,Asia,Mandopop,,
World,Asia,Onkyokei,,
World,Asia,Taiwanese Pop,,
World,Asia,Thailand,T-Pop,
World,Asia,Sawt,,
World,Asia,Anison,,
World,Asia,Baithak Gana,,
World,Asia,C-Pop,,
World,Asia,CityPop,,
World,Asia,Cantopop,,
World,Asia,Enka,,
World,Asia,Hong Kong English Pop,,
World,Asia,Fann At-Tanbura,,
World,Asia,Fijiri,,
World,Australia,,,
World,Cajun,,,
World,Calypso,,,
World,Caribbean,Chutney,,
World,Caribbean,Chutney Soca,,
World,Caribbean,Compas,,
World,Caribbean,Mambo,,
World,Caribbean,Merengue,,
World,Caribbean,Méringue,,
World,Carnatic (Karnataka Sanghetha),,,
World,Celtic,,,
World,Celtic Folk,,,
World,Contemporary Celtic,,,
World,Africa,Coupé-décalé,,
World,Dangdut,,,
World,Drone,,,
World,Europe,Portugal,Fado,
World,Europe,Greece,Laiko,
World,Europe,Greece,Entechno,
World,Europe,Greece,Rebetika,
World,Europe,France,,
World,Europe,Schlager,,
World,Hawaii,,,
World,Klezmer,,,
World,Africa,Mbalax,,
World,Middle East,,,
World,North America,,,
World,Ode,,,
World,Asia,Thailand,Piphat,
World,Europe,Polka,,
World,Caribbean,Soca,,
World,Southeast Asia,Baila,,
World,Southeast Asia,Bhangra,,
World,Southeast Asia,Bhojpuri,,
World,Southeast Asia,Dangdut,,
World,Southeast Asia,Filmi,,
World,Southeast Asia,Indian Pop,,
World,Southeast Asia,Hindustani,,
World,Southeast Asia,Indian Ghazal,,
World,Southeast Asia,Lavani,,
World,Southeast Asia,Luk Thung,,
World,Southeast Asia,Luk Krung,,
World,Southeast Asia,Manila Sound,,
World,Southeast Asia,Morlam,,
World,Southeast Asia,Pinoy Pop,,
World,Southeast Asia,Pop Sunda,,
World,Southeast Asia,Ragini,,
World,Traditional Celtic,,,
World,Worldbeat,,,
World,Zydeco,,,